<?xml version="1.0" encoding="UTF-8"?>
<root>
  <name>STB Dark</name>
  <slug>stb_dark</slug>
  <icon>stb-dark-theme.jpg</icon>
  <description>Colored content boxes with dark captions.</description>
  <author>minimus</author>
  <author_url>http:\\www.simplelib.com</author_url>
  <jsStyles>
    <alert>
      <image>alert.png</image>
      <color>#fdcbc9</color>
      <colorTo>#fb7d78</colorTo>
      <fontColor>#000000</fontColor>
      <border>
        <width>0</width>
        <color>#f9574f</color>
      </border>
      <caption>
        <fontColor>#ffffff</fontColor>
        <color>#1d1a1a</color>
        <colorTo>#504848</colorTo>
      </caption>
    </alert>
    <black>
      <image>earth.png</image>
      <color>#3b3b3b</color>
      <colorTo>#000000</colorTo>
      <fontColor>#ffffff</fontColor>
      <border>
        <width>0</width>
        <color>#535353</color>
      </border>
      <caption>
        <fontColor>#ffffff</fontColor>
        <color>#4B4747</color>
        <colorTo>#141414</colorTo>
      </caption>
    </black>
    <download>
      <image>download.png</image>
      <color>#78c0f7</color>
      <colorTo>#2e7cb9</colorTo>
      <fontColor>#000000</fontColor>
      <border>
        <width>0</width>
        <color>#15609a</color>
      </border>
      <caption>
        <fontColor>#ffffff</fontColor>
        <color>#1d1a1a</color>
        <colorTo>#504848</colorTo>
      </caption>
    </download>
    <info>
      <image>info.png</image>
      <color>#a1ea94</color>
      <colorTo>#79b06e</colorTo>
      <fontColor>#000000</fontColor>
      <border>
        <width>0</width>
        <color>#6c9c62</color>
      </border>
      <caption>
        <fontColor>#ffffff</fontColor>
        <color>#1d1a1a</color>
        <colorTo>#504848</colorTo>
      </caption>
    </info>
    <warning>
      <image>warning.png</image>
      <color>#f8fc91</color>
      <colorTo>#f0d208</colorTo>
      <fontColor>#000000</fontColor>
      <border>
        <width>0</width>
        <color>#d9be08</color>
      </border>
      <caption>
        <fontColor>#ffffff</fontColor>
        <color>#1d1a1a</color>
        <colorTo>#504848</colorTo>
      </caption>
    </warning>
    <grey>
      <image>gears.png</image>
      <color>#e3e3e3</color>
      <colorTo>#ababab</colorTo>
      <fontColor>#000000</fontColor>
      <border>
        <width>0</width>
        <color>#6e6e6e</color>
      </border>
      <caption>
        <fontColor>#ffffff</fontColor>
        <color>#b5b5b5</color>
        <colorTo>#6e6e6e</colorTo>
      </caption>
    </grey>
    <custom>
      <image>heart.png</image>
      <color>#f7cdf5</color>
      <colorTo>#f77df1</colorTo>
      <fontColor>#000000</fontColor>
      <border>
        <width>0</width>
        <color>#f844ee</color>
      </border>
      <caption>
        <fontColor>#ffffff</fontColor>
        <color>#1d1a1a</color>
        <colorTo>#504848</colorTo>
      </caption>
    </custom>
  </jsStyles>
  <cssStyles>
    <alert>
      <color>000000</color>
      <captionColor>FFFFFF</captionColor>
      <borderColor>FF4F4A</borderColor>
      <bgColor>fDCBC9</bgColor>
      <bgColorEnd>FB7D78</bgColorEnd>
      <captionBgColor>1D1A1A</captionBgColor>
      <captionBgColorEnd>504848</captionBgColorEnd>
      <image>alert.png</image>
      <bigImg>alert.png</bigImg>
    </alert>
    <black>
      <color>FFFFFF</color>
      <captionColor>FFFFFF</captionColor>
      <borderColor>6E6E6E</borderColor>
      <bgColor>3B3B3B</bgColor>
      <bgColorEnd>000000</bgColorEnd>
      <captionBgColor>4B4747</captionBgColor>
      <captionBgColorEnd>141414</captionBgColorEnd>
      <image>earth.png</image>
      <bigImg>earth.png</bigImg>
    </black>
    <download>
      <color>000000</color>
      <captionColor>FFFFFF</captionColor>
      <borderColor>65ADFE</borderColor>
      <bgColor>78C0F7</bgColor>
      <bgColorEnd>2E7CB9</bgColorEnd>
      <captionBgColor>1D1A1A</captionBgColor>
      <captionBgColorEnd>504848</captionBgColorEnd>
      <image>download.png</image>
      <bigImg>download.png</bigImg>
    </download>
    <info>
      <color>000000</color>
      <captionColor>FFFFFF</captionColor>
      <borderColor>7AD975</borderColor>
      <bgColor>A1EA94</bgColor>
      <bgColorEnd>79B06E</bgColorEnd>
      <captionBgColor>1D1A1A</captionBgColor>
      <captionBgColorEnd>504848</captionBgColorEnd>
      <image>info.png</image>
      <bigImg>info.png</bigImg>
    </info>
    <warning>
      <color>000000</color>
      <captionColor>FFFFFF</captionColor>
      <borderColor>FE9A05</borderColor>
      <bgColor>F8FC91</bgColor>
      <bgColorEnd>F0D208</bgColorEnd>
      <captionBgColor>1D1A1A</captionBgColor>
      <captionBgColorEnd>504848</captionBgColorEnd>
      <image>warning.png</image>
      <bigImg>warning.png</bigImg>
    </warning>
    <grey>
      <color>000000</color>
      <captionColor>FFFFFF</captionColor>
      <borderColor>BBBBBB</borderColor>
      <bgColor>E3E3E3</bgColor>
      <bgColorEnd>ABABAB</bgColorEnd>
      <captionBgColor>B5B5B5</captionBgColor>
      <captionBgColorEnd>6E6E6E</captionBgColorEnd>
      <image>gears.png</image>
      <bigImg>gears.png</bigImg>
    </grey>
    <custom>
      <color>000000</color>
      <captionColor>FFFFFF</captionColor>
      <borderColor>F844EE</borderColor>
      <bgColor>F7CDF5</bgColor>
      <bgColorEnd>F77DF1</bgColorEnd>
      <captionBgColor>1D1A1A</captionBgColor>
      <captionBgColorEnd>504848</captionBgColorEnd>
      <image>heart.png</image>
      <bigImg>heart.png</bigImg>
    </custom>
  </cssStyles>
  <options>
    <side>1</side>
    <rounded_corners>true</rounded_corners>
    <border_style>none</border_style>
    <box_shadow>true</box_shadow>
    <js_shadow_enabled>true</js_shadow_enabled>
    <js_shadow_offsetX>0</js_shadow_offsetX>
    <js_shadow_offsetY>0</js_shadow_offsetY>
    <js_shadow_blur>15</js_shadow_blur>
    <js_shadow_color>555555</js_shadow_color>
    <js_radius>5</js_radius>
    <js_imgMinus>minus.png</js_imgMinus>
    <js_imgPlus>plus.png</js_imgPlus>
  </options>
</root>