<?xml version="1.0" encoding="UTF-8"?>
<root>
  <name>Metro</name>
  <slug>stb_metro</slug>
  <icon>stb-metro-theme.jpg</icon>
  <description>Flat colored content boxes, clone of Windows Metro theme.</description>
  <author>minimus</author>
  <author_url>http:\\www.simplelib.com</author_url>
  <jsStyles>
    <alert>
      <image>alert.png</image>
      <color>#f77672</color>
      <colorTo>#f77672</colorTo>
      <fontColor>#000000</fontColor>
      <border>
        <width>0</width>
        <color>#f77672</color>
      </border>
      <caption>
        <fontColor>#ffffff</fontColor>
        <color>#f77672</color>
        <colorTo>#f77672</colorTo>
      </caption>
    </alert>
    <black>
      <image>earth.png</image>
      <color>#535353</color>
      <colorTo>#535353</colorTo>
      <fontColor>#ffffff</fontColor>
      <border>
        <width>0</width>
        <color>#535353</color>
      </border>
      <caption>
        <fontColor>#ffffff</fontColor>
        <color>#535353</color>
        <colorTo>#535353</colorTo>
      </caption>
    </black>
    <download>
      <image>download.png</image>
      <color>#78c0f7</color>
      <colorTo>#78c0f7</colorTo>
      <fontColor>#000000</fontColor>
      <border>
        <width>0</width>
        <color>#78c0f7</color>
      </border>
      <caption>
        <fontColor>#ffffff</fontColor>
        <color>#78c0f7</color>
        <colorTo>#78c0f7</colorTo>
      </caption>
    </download>
    <info>
      <image>info.png</image>
      <color>#a1ea94</color>
      <colorTo>#a1ea94</colorTo>
      <fontColor>#000000</fontColor>
      <border>
        <width>0</width>
        <color>#a1ea94</color>
      </border>
      <caption>
        <fontColor>#ffffff</fontColor>
        <color>#a1ea94</color>
        <colorTo>#a1ea94</colorTo>
      </caption>
    </info>
    <warning>
      <image>warning.png</image>
      <color>#f0c30c</color>
      <colorTo>#f0c30c</colorTo>
      <fontColor>#000000</fontColor>
      <border>
        <width>0</width>
        <color>#f0c30c</color>
      </border>
      <caption>
        <fontColor>#ffffff</fontColor>
        <color>#f0c30c</color>
        <colorTo>#f0c30c</colorTo>
      </caption>
    </warning>
    <grey>
      <image>gears.png</image>
      <color>#ababab</color>
      <colorTo>#ababab</colorTo>
      <fontColor>#000000</fontColor>
      <border>
        <width>0</width>
        <color>#ababab</color>
      </border>
      <caption>
        <fontColor>#ffffff</fontColor>
        <color>#ababab</color>
        <colorTo>#ababab</colorTo>
      </caption>
    </grey>
    <custom>
      <image>heart.png</image>
      <color>#f77df1</color>
      <colorTo>#f77df1</colorTo>
      <fontColor>#000000</fontColor>
      <border>
        <width>0</width>
        <color>#f77df1</color>
      </border>
      <caption>
        <fontColor>#ffffff</fontColor>
        <color>#f77df1</color>
        <colorTo>#f77df1</colorTo>
      </caption>
    </custom>
  </jsStyles>
  <cssStyles>
    <alert>
      <color>000000</color>
      <captionColor>FFFFFF</captionColor>
      <borderColor>F77672</borderColor>
      <bgColor>F77672</bgColor>
      <bgColorEnd>F77672</bgColorEnd>
      <captionBgColor>F77672</captionBgColor>
      <captionBgColorEnd>F77672</captionBgColorEnd>
      <image>alert.png</image>
      <bigImg>alert.png</bigImg>
    </alert>
    <black>
      <color>FFFFFF</color>
      <captionColor>FFFFFF</captionColor>
      <borderColor>535353</borderColor>
      <bgColor>535353</bgColor>
      <bgColorEnd>535353</bgColorEnd>
      <captionBgColor>535353</captionBgColor>
      <captionBgColorEnd>535353</captionBgColorEnd>
      <image>earth.png</image>
      <bigImg>earth.png</bigImg>
    </black>
    <download>
      <color>000000</color>
      <captionColor>FFFFFF</captionColor>
      <borderColor>78c0f7</borderColor>
      <bgColor>78c0f7</bgColor>
      <bgColorEnd>78c0f7</bgColorEnd>
      <captionBgColor>78c0f7</captionBgColor>
      <captionBgColorEnd>78c0f7</captionBgColorEnd>
      <image>download.png</image>
      <bigImg>download.png</bigImg>
    </download>
    <info>
      <color>000000</color>
      <captionColor>FFFFFF</captionColor>
      <borderColor>A1EA94</borderColor>
      <bgColor>A1EA94</bgColor>
      <bgColorEnd>A1EA94</bgColorEnd>
      <captionBgColor>A1EA94</captionBgColor>
      <captionBgColorEnd>A1EA94</captionBgColorEnd>
      <image>info.png</image>
      <bigImg>info.png</bigImg>
    </info>
    <warning>
      <color>000000</color>
      <captionColor>FFFFFF</captionColor>
      <borderColor>F0C30C</borderColor>
      <bgColor>F0C30C</bgColor>
      <bgColorEnd>F0C30C</bgColorEnd>
      <captionBgColor>F0C30C</captionBgColor>
      <captionBgColorEnd>F0C30C</captionBgColorEnd>
      <image>warning.png</image>
      <bigImg>warning.png</bigImg>
    </warning>
    <grey>
      <color>000000</color>
      <captionColor>FFFFFF</captionColor>
      <borderColor>ABABAB</borderColor>
      <bgColor>ABABAB</bgColor>
      <bgColorEnd>ABABAB</bgColorEnd>
      <captionBgColor>ABABAB</captionBgColor>
      <captionBgColorEnd>ABABAB</captionBgColorEnd>
      <image>gears.png</image>
      <bigImg>gears.png</bigImg>
    </grey>
    <custom>
      <color>000000</color>
      <captionColor>FFFFFF</captionColor>
      <borderColor>F77DF1</borderColor>
      <bgColor>F77DF1</bgColor>
      <bgColorEnd>F77DF1</bgColorEnd>
      <captionBgColor>F77DF1</captionBgColor>
      <captionBgColorEnd>F77DF1</captionBgColorEnd>
      <image>heart.png</image>
      <bigImg>heart.png</bigImg>
    </custom>
  </cssStyles>
  <options>
    <side>0</side>
    <rounded_corners>false</rounded_corners>
    <border_style>none</border_style>
    <box_shadow>false</box_shadow>
    <js_shadow_enabled>false</js_shadow_enabled>
    <js_shadow_offsetX>0</js_shadow_offsetX>
    <js_shadow_offsetY>0</js_shadow_offsetY>
    <js_shadow_blur>15</js_shadow_blur>
    <js_shadow_color>555555</js_shadow_color>
    <js_radius>0</js_radius>
    <js_imgMinus>minus.png</js_imgMinus>
    <js_imgPlus>plus.png</js_imgPlus>
  </options>
</root>